id,created_at,order_name,customer_id
1,2020-01-02T15:34:12Z,1,ivan
2,2020-01-15T17:34:12Z,2,ivan
3,2020-01-05T05:34:12Z,3,ivan
4,2020-02-02T15:34:12Z,4,ivan
5,2020-01-03T10:34:12Z,5,ivan
6,2020-01-02T15:34:12Z,6,petr
7,2020-01-15T17:34:12Z,7,petr
8,2020-01-05T05:34:12Z,8,petr
9,2020-02-02T15:34:12Z,9,petr
10,2020-01-03T10:34:12Z,10,petr
11,2020-01-02T15:34:12Z,11,ivan
12,2020-01-15T17:34:12Z,12,ivan
13,2020-01-05T05:34:12Z,13,ivan
14,2020-02-02T15:34:12Z,14,ivan
15,2020-01-03T10:34:12Z,15,ivan
16,2020-01-02T15:34:12Z,16,petr
17,2020-01-15T17:34:12Z,17,petr
18,2020-01-05T05:34:12Z,18,petr
19,2020-02-02T15:34:12Z,19,petr
20,2020-01-03T10:34:12Z,20,petr
21,2020-01-02T15:34:12Z,21,ivan
22,2020-01-15T17:34:12Z,22,petr
23,2020-01-05T05:34:12Z,23,petr
24,2020-02-02T15:34:12Z,24,ivan
25,2020-01-03T10:34:12Z,25,ivan
26,2020-01-02T15:34:12Z,26,ivan
27,2020-01-15T17:34:12Z,27,ivan
28,2020-01-05T05:34:12Z,28,ivan
29,2020-02-02T15:34:12Z,29,petr
30,2020-01-03T10:34:12Z,30,petr
31,2020-01-02T15:34:12Z,31,petr
32,2020-01-15T17:34:12Z,32,petr
33,2020-01-05T05:34:12Z,33,petr
34,2020-02-02T15:34:12Z,34,ivan
35,2020-01-03T10:34:12Z,35,ivan
36,2020-01-02T15:34:12Z,36,petr
37,2020-01-15T17:34:12Z,37,ivan
38,2020-01-05T05:34:12Z,38,ivan
39,2020-02-02T15:34:12Z,39,ivan
40,2020-01-03T10:34:12Z,40,ivan
41,2020-01-02T15:34:12Z,41,petr
42,2020-01-15T17:34:12Z,42,petr
43,2020-01-05T05:34:12Z,43,petr
44,2020-02-02T15:34:12Z,44,petr
45,2020-01-03T10:34:12Z,45,petr
46,2020-01-02T15:34:12Z,46,ivan
47,2020-01-05T05:34:12Z,47,ivan
48,2020-02-02T15:34:12Z,48,petr
49,2020-01-03T10:34:12Z,49,petr
50,2020-01-02T15:34:12Z,50,ivan
51,2020-01-15T17:34:12Z,51,ivan
52,2020-01-05T05:34:12Z,52,petr
53,2020-02-02T15:34:12Z,53,petr
54,2020-01-03T10:34:12Z,54,petr
55,2020-01-02T15:34:12Z,55,petr
56,2020-01-15T17:34:12Z,56,petr
57,2020-01-05T05:34:12Z,57,petr
58,2020-02-02T15:34:12Z,58,ivan
59,2020-01-03T10:34:12Z,59,ivan
60,2020-01-02T15:34:12Z,60,petr
61,2020-01-15T17:34:12Z,61,petr
62,2020-01-05T05:34:12Z,62,ivan
63,2020-02-02T15:34:12Z,63,ivan
64,2020-01-05T05:34:12Z,64,petr
65,2020-02-02T15:34:12Z,65,petr
66,2020-01-03T10:34:12Z,66,petr
67,2020-01-02T15:34:12Z,67,petr
68,2020-01-15T17:34:12Z,68,petr
69,2020-01-05T05:34:12Z,69,petr
70,2020-02-02T15:34:12Z,70,ivan
71,2020-01-03T10:34:12Z,71,ivan
72,2020-01-02T15:34:12Z,72,petr
73,2020-01-15T17:34:12Z,73,petr
74,2020-01-05T05:34:12Z,74,ivan
75,2020-02-02T15:34:12Z,75,ivan
76,2020-01-03T10:34:12Z,76,petr
77,2020-01-02T15:34:12Z,77,petr
78,2020-01-15T17:34:12Z,78,petr
79,2020-01-05T05:34:12Z,79,petr
80,2020-01-05T05:34:12Z,80,petr
81,2020-02-02T15:34:12Z,81,petr
82,2020-01-03T10:34:12Z,82,ivan
83,2020-01-02T15:34:12Z,83,ivan
84,2020-01-15T17:34:12Z,84,petr
85,2020-01-05T05:34:12Z,85,petr
86,2020-02-02T15:34:12Z,86,ivan
87,2020-01-03T10:34:12Z,87,ivan
88,2020-01-02T15:34:12Z,88,petr
89,2020-01-15T17:34:12Z,89,petr
90,2020-01-05T05:34:12Z,90,petr
91,2020-02-02T15:34:12Z,91,petr
92,2020-01-03T10:34:12Z,92,petr
93,2020-01-02T15:34:12Z,93,petr
94,2020-01-15T17:34:12Z,94,ivan
95,2020-01-05T05:34:12Z,95,ivan
96,2020-02-02T15:34:12Z,96,petr
97,2020-01-03T10:34:12Z,97,petr
98,2020-01-02T15:34:12Z,98,ivan
99,2020-01-05T05:34:12Z,99,ivan
100,2020-01-05T05:34:12Z,100,petr
